{"cameraMode":{"drawMode":0,"name":"Shaded","section":"Shading Mode"},"sceneLighting":true,"audioPlay":false,"sceneViewState":{"showFog":true,"showMaterialUpdate":false,"showSkybox":true,"showFlares":true,"showImageEffects":true,"showParticleSystems":true,"showVisualEffectGraphs":true,"m_FxEnabled":true},"in2DMode":false,"pivot":{"x":-1.1920928955078126e-7,"y":-1.3623037338256837,"z":0.25999999046325686},"rotation":{"x":0.10448804497718811,"y":0.1668548434972763,"z":0.017785515636205674,"w":-0.9802736043930054},"size":1.3484264612197877,"orthographic":false}